{
  "description": {
    "title": "Editar",
    "text": ""
  },
  "links_1": {
    "list_pages": true,
    "title": "Páginas",
    "list": [
      {
        "text": "time",
        "url": "timetime.com.br"
      }
    ]
  },
  "links_2": {
    "list_categories": true,
    "title": "Categorias",
    "list": []
  },
  "contacts": {
    "title": "Contatos",
    "phone_wpp": true,
    "socials": true,
    "email": true,
    "address": true
  },
  "stamps": [
    {
      "src": "/img/uploads/ssl-safe.png",
      "alt": "Secure connection"
    }
  ],
  "payment_methods": {
    "bb": true,
    "visa": true,
    "boleto": false,
    "aura": false,
    "banrisul": true,
    "elo": true,
    "hipercard": false,
    "hsbc": true,
    "bradesco": true,
    "santander": true,
    "mastercard": true,
    "paypal": true,
    "citibank": true,
    "mais": true,
    "itau": true
  },
  "credits": ""
}